<?xml version="1.0" encoding="UTF-8"?>
<!--
  GNOME Shell Extension TaskBar
  Copyright (C) 2013-2018 zpydr

  Version 57

  This program is free software: you can redistribute it and/or modify
  it under the terms of the GNU General Public License as published by
  the Free Software Foundation, either version 3 of the License, or
  (at your option) any later version.

  This program is distributed in the hope that it will be useful,
  but WITHOUT ANY WARRANTY; without even the implied warranty of
  MERCHANTABILITY or FITNESS FOR A PARTICULAR PURPOSE.  See the
  GNU General Public License for more details.

  You should have received a copy of the GNU General Public License
  along with this program.  If not, see <https://www.gnu.org/licenses/>.

  zpydr@openmailbox.org
-->
<schemalist gettext-domain="gnome-shell-extensions-TaskBar">
    <enum id="org.gnome.shell.extensions.TaskBar.sort-tasks-style">
        <value value="0" nick="off"/>
        <value value="1" nick="sort"/>
	<value value="2" nick="sortworkspace"/>
        <value value="3" nick="group"/>
        <value value="4" nick="groupworkspace"/>
    </enum>
    <enum id="org.gnome.shell.extensions.TaskBar.tasks-clicks-style">
        <value value="0" nick="none"/>
        <value value="1" nick="minmax"/>
        <value value="2" nick="openmenu"/>
        <value value="3" nick="close"/>
        <value value="4" nick="new_instance"/>
    </enum>
    <enum id="org.gnome.shell.extensions.TaskBar.scroll-tasks-style">
        <value value="0" nick="off"/>
        <value value="1" nick="standard"/>
        <value value="2" nick="invert"/>
    </enum>
    <enum id="org.gnome.shell.extensions.TaskBar.tasks-label-style">
        <value value="0" nick="off"/>
        <value value="1" nick="window"/>
        <value value="2" nick="app"/>
    </enum>
    <enum id="org.gnome.shell.extensions.TaskBar.workspace-button-index-style">
        <value value="0" nick="index"/>
        <value value="1" nick="total"/>
    </enum>
    <enum id="org.gnome.shell.extensions.TaskBar.scroll-workspaces-style">
        <value value="0" nick="off"/>
        <value value="1" nick="standard"/>
        <value value="2" nick="invert"/>
    </enum>
    <enum id="org.gnome.shell.extensions.TaskBar.showapps-button-toggle-style">
        <value value="0" nick="leftclickappview"/>
        <value value="1" nick="leftclickoverview"/>
    </enum>
    <enum id="org.gnome.shell.extensions.TaskBar.display-label-style">
        <value value="0" nick="off"/>
        <value value="1" nick="app"/>
        <value value="2" nick="window"/>
        <value value="3" nick="both"/>
    </enum>
    <enum id="org.gnome.shell.extensions.TaskBar.display-favorites-label-style">
        <value value="0" nick="off"/>
        <value value="1" nick="app"/>
        <value value="2" nick="description"/>
        <value value="3" nick="both"/>
    </enum>
    <enum id="org.gnome.shell.extensions.TaskBar.appearance-style">
        <value value="0" nick="tasks"/>
        <value value="1" nick="desktopbutton"/>
        <value value="2" nick="workspacebutton"/>
        <value value="3" nick="showappsbutton"/>
        <value value="4" nick="favorites"/>
    </enum>
    <enum id="org.gnome.shell.extensions.TaskBar.tray-button-style">
        <value value="0" nick="off"/>
        <value value="1" nick="icon"/>
        <value value="2" nick="index"/>
    </enum>
    <enum id="org.gnome.shell.extensions.TaskBar.tray-button-empty-style">
        <value value="0" nick="icon"/>
        <value value="1" nick="zero"/>
        <value value="2" nick="hide"/>
    </enum>
    <schema path="/org/gnome/shell/extensions/TaskBar/" id="org.gnome.shell.extensions.TaskBar">
        <key name="first-start" type="b">
            <default>true</default>
            <summary>Display Preferences on the first start of TaskBar</summary>
            <description/>
        </key>
        <key name="extension-path" type="s">
            <default>'unset'</default>
            <summary>Extension Path</summary>
            <description/>
        </key>
        <key name="display-tasks" type="b">
            <default>true</default>
            <summary>Display Tasks</summary>
            <description/>
        </key>
        <key name="display-desktop-button" type="b">
            <default>true</default>
            <summary>Display Desktop Button</summary>
            <description/>
        </key>
        <key name="display-workspace-button" type="b">
            <default>true</default>
            <summary>Display Workspace Button</summary>
            <description/>
        </key>
        <key name="display-showapps-button" type="b">
            <default>true</default>
            <summary>Display Show Applications Button</summary>
            <description/>
        </key>
        <key name="display-favorites" type="b">
            <default>false</default>
            <summary>Display Favorites</summary>
            <description/>
        </key>
        <key name="panel-position" type="i">
            <default>1</default>
            <summary>Panel Position</summary>
            <description/>
        </key>
        <key name="panel-box" type="i">
            <default>1</default>
            <summary>Panel Box Left=1 Middle=2 Right=3</summary>
            <description/>
        </key>
        <key name="position-max-right" type="i">
            <default>9</default>
            <summary>Max Right Position</summary>
            <description/>
        </key>
        <key name="position-changed" type="b">
            <default>false</default>
            <summary>Object on TaskBar changed Position</summary>
            <description/>
        </key>
        <key name="overview" type="b">
            <default>true</default>
            <summary>Show TaskBar in Overview</summary>
            <description/>
        </key>
        <key name="top-panel" type="b">
            <default>true</default>
            <summary>Top Panel</summary>
            <description/>
        </key>
        <key name="bottom-panel" type="b">
            <default>false</default>
            <summary>Bottom Panel</summary>
            <description/>
        </key>
        <key name="bottom-panel-vertical" type="i">
            <range min="-100" max="100"/>
            <default>0</default>
            <summary>Vertical Bottom Panel Position</summary>
            <description/>
        </key>
        <key name="position-bottom-box" type="i">
            <range min="0" max="2"/>
            <default>0</default>
            <summary>Left Center or Right Bottom Box</summary>
            <description/>
        </key>
        <key name="hover-event" type="i">
            <range min="0" max="5"/>
            <default>0</default>
            <summary>Hover Event</summary>
            <description/>
        </key>
        <key name="panel-size" type="i">
            <range min="1" max="96"/>
            <default>27</default>
            <summary>Panel Size</summary>
            <description/>
        </key>
        <key name="panel-size-bottom" type="i">
            <range min="1" max="96"/>
            <default>27</default>
            <summary>Bottom Panel Size</summary>
            <description/>
        </key>
        <key name="tb-icon-size" type="i">
            <range min="-96" max="96"/>
            <default>0</default>
            <summary>Adjust TaskBar Icon Size</summary>
            <description/>
        </key>
        <key name="tb-icon-size-bottom" type="i">
            <range min="-96" max="96"/>
            <default>0</default>
            <summary>Adjust TaskBar Icon Size Bottom</summary>
            <description/>
        </key>
        <key name="tb-label-size" type="i">
            <range min="-96" max="96"/>
            <default>0</default>
            <summary>Adjust TaskBar Label Size</summary>
            <description/>
        </key>
        <key name="tb-label-size-bottom" type="i">
            <range min="-96" max="96"/>
            <default>0</default>
            <summary>Adjust TaskBar Label Size Bottom</summary>
            <description/>
        </key>
        <key name="content-size" type="i">
            <range min="-96" max="96"/>
            <default>0</default>
            <summary>Adjust Other Panel Content Size</summary>
            <description/>
        </key>
        <key name="font-size-bottom" type="i">
            <range min="1" max="96"/>
            <default>17</default>
            <summary>Icon Size</summary>
            <description/>
        </key>
        <key name="tasks-all-workspaces" type="b">
            <default>false</default>
            <summary>Display Tasks from all Workspaces</summary>
            <description/>
        </key>
        <key name="sort-tasks" enum="org.gnome.shell.extensions.TaskBar.sort-tasks-style">
            <default>'off'</default>
            <summary>Sort Tasks by Application</summary>
            <description/>
        </key>
        <key name="tasks-left-click" enum="org.gnome.shell.extensions.TaskBar.tasks-clicks-style">
            <default>'minmax'</default>
            <summary>Left Click Action</summary>
            <description/>
        </key>
        <key name="tasks-middle-click" enum="org.gnome.shell.extensions.TaskBar.tasks-clicks-style">
            <default>'none'</default>
            <summary>Middle Click Action</summary>
            <description/>
        </key>
        <key name="tasks-right-click" enum="org.gnome.shell.extensions.TaskBar.tasks-clicks-style">
            <default>'openmenu'</default>
            <summary>Right Click Action</summary>
            <description/>
        </key>
        <key name="tasks-container-width-new" type="i">
            <range min="0" max="100"/>
            <default>0</default>
            <summary>Tasks Container Width</summary>
            <description/>
        </key>
        <key name="scroll-tasks" enum="org.gnome.shell.extensions.TaskBar.scroll-tasks-style">
            <default>'off'</default>
            <summary>Scroll Tasks</summary>
            <description/>
        </key>
        <key name="active-task-frame" type="b">
            <default>true</default>
            <summary>Active Task Frame</summary>
            <description/>
        </key>
        <key name="inactive-task-frame" type="b">
            <default>false</default>
            <summary>Inactive Task Frame</summary>
            <description/>
        </key>
        <key name="active-task-background-color" type="s">
            <default>'rgba(0,0,0,0)'</default>
            <summary>Active Task Background Color</summary>
            <description/>
        </key>
        <key name="active-task-background-color-set" type="b">
            <default>false</default>
            <summary>Active Task Background Color</summary>
            <description/>
        </key>
        <key name="inactive-task-background-color" type="s">
            <default>'rgba(0,0,0,0)'</default>
            <summary>Inactive Task Background Color</summary>
            <description/>
        </key>
        <key name="inactive-task-background-color-set" type="b">
            <default>false</default>
            <summary>Inactive Task Background Color</summary>
            <description/>
        </key>
        <key name="tasks-label" enum="org.gnome.shell.extensions.TaskBar.tasks-label-style">
            <default>'off'</default>
            <summary>Tasks Label</summary>
            <description/>
        </key>
        <key name="tasks-label-color" type="s">
            <default>'unset'</default>
            <summary>Tasks Label Color</summary>
            <description/>
        </key>
        <key name="display-tasks-label-color" type="b">
            <default>false</default>
            <summary>Display Tasks Label Color</summary>
            <description/>
        </key>
        <key name="inactive-tasks-label-color" type="s">
            <default>'unset'</default>
            <summary>Inactive Tasks Label Color</summary>
            <description/>
        </key>
        <key name="display-inactive-tasks-label-color" type="b">
            <default>false</default>
            <summary>Display Inactive Tasks Label Color</summary>
            <description/>
        </key>
        <key name="tasks-frame-color" type="s">
            <default>'unset'</default>
            <summary>Tasks Frame Color</summary>
            <description/>
        </key>
        <key name="display-tasks-frame-color" type="b">
            <default>false</default>
            <summary>Display Tasks Frame Color</summary>
            <description/>
        </key>
        <key name="inactive-tasks-frame-color" type="s">
            <default>'unset'</default>
            <summary>Inactive Tasks Frame Color</summary>
            <description/>
        </key>
        <key name="display-inactive-tasks-frame-color" type="b">
            <default>false</default>
            <summary>Display Inactive Tasks Frame Color</summary>
            <description/>
        </key>
        <key name="tasks-width" type="i">
            <range min="1" max="1000"/>
            <default>150</default>
            <summary>Tasks Label Width</summary>
            <description/>
        </key>
        <key name="tasks-spaces" type="i">
            <range min="0" max="1000"/>
            <default>4</default>
            <summary>Tasks Spaces Width</summary>
            <description/>
        </key>
        <key name="blink-tasks" type="b">
            <default>false</default>
            <summary>Blink Tasks on Alert</summary>
            <description/>
        </key>
        <key name="blink-rate" type="i">
            <range min="0" max="10000"/>
            <default>750</default>
            <summary>Tasks Blink Rate</summary>
            <description/>
        </key>
        <key name="blink-color" type="s">
            <default>'rgba(255,0,0,1)'</default>
            <summary>Tasks Blink Color</summary>
            <description/>
        </key>
        <key name="blacklist" type="as">
            <default>[]</default>
            <summary>Tasks Blacklist</summary>
            <description/>
        </key>
        <key name="blacklist-set" type="b">
            <default>false</default>
            <summary>Tasks Blacklist Set</summary>
            <description/>
        </key>
        <key name="find-apps" type="b">
            <default>false</default>
            <summary>Find Apps</summary>
            <description/>
        </key>
        <key name="top-panel-background-color" type="s">
            <default>'unset'</default>
            <summary>Top Panel Background Color</summary>
            <description/>
        </key>
        <key name="top-panel-original-background-color" type="s">
            <default>'unset'</default>
            <summary>Top Panel Background Color</summary>
            <description/>
        </key>
        <key name="top-panel-background-alpha" type="b">
            <default>false</default>
            <summary>Top Panel Background Alpha</summary>
            <description/>
        </key>
        <key name="bottom-panel-background-color" type="s">
            <default>'unset'</default>
            <summary>Bottom Panel Background Color</summary>
            <description/>
        </key>
        <key name="bottom-panel-original-background-color" type="s">
            <default>'unset'</default>
            <summary>Bottom Panel Background Color</summary>
            <description/>
        </key>
        <key name="hover-switch-task" type="b">
            <default>false</default>
            <summary>Switch Task on Hover</summary>
            <description/>
        </key>
        <key name="hover-delay" type="i">
            <range min="0" max="1000"/>
            <default>350</default>
            <summary>Delay before Hover</summary>
            <description/>
        </key>
        <key name="desktop-button-icon" type="s">
            <default>'unset'</default>
            <summary>Desktop Button Icon</summary>
            <description/>
        </key>
        <key name="desktop-button-right-click" type="b">
            <default>true</default>
            <summary>Desktop Button Right Click</summary>
            <description/>
        </key>
        <key name="workspace-button-index" enum="org.gnome.shell.extensions.TaskBar.workspace-button-index-style">
            <default>'index'</default>
            <summary>Workspace Button Index</summary>
            <description/>
        </key>
        <key name="scroll-workspaces" enum="org.gnome.shell.extensions.TaskBar.scroll-workspaces-style">
            <default>'off'</default>
            <summary>Scroll Workspaces</summary>
            <description/>
        </key>
        <key name="workspace-button-color" type="s">
            <default>'unset'</default>
            <summary>Workspace Button Color</summary>
            <description/>
        </key>
        <key name="display-workspace-button-color" type="b">
            <default>false</default>
            <summary>Display Workspace Button Color</summary>
            <description/>
        </key>
        <key name="workspace-button-width" type="i">
            <range min="-96" max="96"/>
            <default>0</default>
            <summary>Adjust Workspace Button Width</summary>
            <description/>
        </key>
        <key name="showapps-button-toggle" enum="org.gnome.shell.extensions.TaskBar.showapps-button-toggle-style">
            <default>'leftclickappview'</default>
            <summary>ShowApps Button Toggle</summary>
            <description/>
        </key>
        <key name="appview-button-icon" type="s">
            <default>'unset'</default>
            <summary>Appview Button Icon</summary>
            <description/>
        </key>
        <key name="tray-button" enum="org.gnome.shell.extensions.TaskBar.tray-button-style">
            <default>'off'</default>
            <summary>Display Tray Button</summary>
            <description/>
        </key>
        <key name="tray-button-empty" enum="org.gnome.shell.extensions.TaskBar.tray-button-empty-style">
            <default>'icon'</default>
            <summary>When Tray is Empty</summary>
            <description/>
        </key>
        <key name="tray-button-icon" type="s">
            <default>'unset'</default>
            <summary>Tray Button Icon</summary>
            <description/>
        </key>
        <key name="hover-tray-button" type="b">
            <default>false</default>
            <summary>Activate Tray on Hover</summary>
            <description/>
        </key>
        <key name="separator-left-box-main" type="i">
            <range min="0" max="1000"/>
            <default>0</default>
            <summary>Box Main Left Separator</summary>
            <description/>
        </key>
        <key name="separator-right-box-main" type="i">
            <range min="0" max="1000"/>
            <default>0</default>
            <summary>Box Main Right Separator</summary>
            <description/>
        </key>
        <key name="separator-left-favorites" type="i">
            <range min="0" max="1000"/>
            <default>0</default>
            <summary>Favorites Left Separator</summary>
            <description/>
        </key>
        <key name="separator-right-favorites" type="i">
            <range min="0" max="1000"/>
            <default>0</default>
            <summary>Favorites Right Separator</summary>
            <description/>
        </key>
        <key name="separator-left-appview" type="i">
            <range min="0" max="1000"/>
            <default>0</default>
            <summary>Appview Button Left Separator</summary>
            <description/>
        </key>
        <key name="separator-right-appview" type="i">
            <range min="0" max="1000"/>
            <default>0</default>
            <summary>Appview Button Right Separator</summary>
            <description/>
        </key>
        <key name="separator-left-workspaces" type="i">
            <range min="0" max="1000"/>
            <default>0</default>
            <summary>Workspace Indicator Left Separator</summary>
            <description/>
        </key>
        <key name="separator-right-workspaces" type="i">
            <range min="0" max="1000"/>
            <default>0</default>
            <summary>Workspace Indicator Right Separator</summary>
            <description/>
        </key>
        <key name="separator-left-desktop" type="i">
            <range min="0" max="1000"/>
            <default>0</default>
            <summary>Desktop Button Left Separator</summary>
            <description/>
        </key>
        <key name="separator-right-desktop" type="i">
            <range min="0" max="1000"/>
            <default>0</default>
            <summary>Desktop Button Right Separator</summary>
            <description/>
        </key>
        <key name="separator-left-tasks" type="i">
            <range min="0" max="1000"/>
            <default>0</default>
            <summary>Tasks Left Separator</summary>
            <description/>
        </key>
        <key name="separator-right-tasks" type="i">
            <range min="0" max="1000"/>
            <default>0</default>
            <summary>Tasks Right Separator</summary>
            <description/>
        </key>
        <key name="activities-button" type="b">
            <default>true</default>
            <summary>Activities Button</summary>
            <description/>
        </key>
        <key name="activities-button-color" type="s">
            <default>'unset'</default>
            <summary>Activities Button Color</summary>
            <description/>
        </key>
        <key name="hot-corner" type="b">
            <default>true</default>
            <summary>Hot Corner</summary>
            <description/>
        </key>
        <key name="application-menu" type="b">
            <default>true</default>
            <summary>Application Menu</summary>
            <description/>
        </key>
        <key name="application-menu-color" type="s">
            <default>'unset'</default>
            <summary>Application Menu Color</summary>
            <description/>
        </key>
        <key name="date-menu" type="b">
            <default>true</default>
            <summary>Date Menu</summary>
            <description/>
        </key>
        <key name="date-menu-color" type="s">
            <default>'unset'</default>
            <summary>Date Menu Color</summary>
            <description/>
        </key>
        <key name="system-menu" type="b">
            <default>true</default>
            <summary>System Menu</summary>
            <description/>
        </key>
        <key name="system-menu-color" type="s">
            <default>'unset'</default>
            <summary>System Menu Color</summary>
            <description/>
        </key>
        <key name="dash" type="b">
            <default>true</default>
            <summary>Dash</summary>
            <description/>
        </key>
        <key name="workspace-selector" type="b">
            <default>true</default>
            <summary>Workspace Selector</summary>
            <description/>
        </key>
        <key name="display-label" enum="org.gnome.shell.extensions.TaskBar.display-label-style">
            <default>'both'</default>
            <summary>Display Label</summary>
            <description/>
        </key>
        <key name="display-thumbnail" type="b">
            <default>true</default>
            <summary>Display Thumbnail</summary>
            <description/>
        </key>
        <key name="display-favorites-label" enum="org.gnome.shell.extensions.TaskBar.display-favorites-label-style">
            <default>'both'</default>
            <summary>Display Favorites Label</summary>
            <description/>
        </key>
        <key name="preview-size" type="i">
            <range min="100" max="1000"/>
            <default>350</default>
            <summary>Preview Size</summary>
            <description/>
        </key>
        <key name="preview-delay" type="i">
            <range min="0" max="3000"/>
            <default>500</default>
            <summary>Delay before Preview</summary>
            <description/>
        </key>
        <key name="preview-background-color" type="s">
            <default>'unset'</default>
            <summary>Preview Background Color</summary>
            <description/>
        </key>
        <key name="display-preview-background-color" type="b">
            <default>false</default>
            <summary>Display Preview Background Color</summary>
            <description/>
        </key>
        <key name="preview-font-size" type="i">
            <range min="1" max="96"/>
            <default>9</default>
            <summary>Preview Font Size</summary>
            <description/>
        </key>
        <key name="preview-label-color" type="s">
            <default>'unset'</default>
            <summary>Preview Label Color</summary>
            <description/>
        </key>
        <key name="display-preview-label-color" type="b">
            <default>false</default>
            <summary>Display Preview Label Color</summary>
            <description/>
        </key>
        <key name="appearance-selection" enum="org.gnome.shell.extensions.TaskBar.appearance-style">
            <default>'tasks'</default>
            <summary>Align Component</summary>
            <description/>
        </key>
        <key name="position-tasks" type="i">
            <range min="0" max="4"/>
            <default>4</default>
            <summary>Position Tasks</summary>
            <description/>
        </key>
        <key name="position-desktop-button" type="i">
            <range min="0" max="4"/>
            <default>3</default>
            <summary>Position Desktop Button</summary>
            <description/>
        </key>
        <key name="position-workspace-button" type="i">
            <range min="0" max="4"/>
            <default>2</default>
            <summary>Position Workspace Button</summary>
            <description/>
        </key>
        <key name="position-appview-button" type="i">
            <range min="0" max="4"/>
            <default>1</default>
            <summary>Position Appview Button</summary>
            <description/>
        </key>
        <key name="position-favorites" type="i">
            <range min="0" max="4"/>
            <default>0</default>
            <summary>Position Favorites</summary>
            <description/>
        </key>
        <key name="export-settings" type="b">
            <default>false</default>
            <summary>Export Settings</summary>
            <description/>
        </key>
        <key name="import-settings" type="b">
            <default>false</default>
            <summary>Import Settings</summary>
            <description/>
        </key>
        <key name="reset-all" type="b">
            <default>false</default>
            <summary>RESET ALL !</summary>
            <description/>
        </key>
        <key name="reset-flag" type="b">
            <default>false</default>
            <summary>Reset Flag</summary>
            <description/>
        </key>
        <key name="key-previous-task" type="as">
            <default>['']</default>
	    <summary>Key to access the previous task</summary>
        </key>
        <key name="key-next-task" type="as">
            <default>['']</default>
	    <summary>Key to access the next task</summary>
        </key>
        <key name="key-toggle-desktop" type="as">
            <default>['']</default>
	    <summary>Key to toogle the Desktop View</summary>
        </key>
    </schema>
</schemalist>
