{
  "_generated": "Generated by SweetTooth, do not edit", 
  "description": "Development stopped\n\nThe latest updates can be found at \nhttps://github.com/zpydr/gnome-shell-extension-taskbar/tree/39b36aba2611c42cefbbf9beab60d46ce75ec82c\n\nzpydr@protonmail.com", 
  "name": "TaskBar", 
  "shell-version": [
    "3.10", 
    "3.12", 
    "3.14", 
    "3.16", 
    "3.18", 
    "3.20", 
    "3.22", 
    "3.24", 
    "3.26", 
    "3.28", 
    "3.30", 
    "3.32"
  ], 
  "url": "https://github.com/zpydr/gnome-shell-extension-taskbar", 
  "uuid": "TaskBar@zpydr", 
  "version": 57
}